have,4
some,2
good,1
news,1
next,1
month,1
the,13
atlantic,2
will,4
once,3
again,2
send,1
fiction,4
home,1
our,9
subscribers,1
special,2
supplement,3
that,2
accompany,1
may,2
issue,4
newsstand,2
bound,1
into,1
magazine,1
short,3
story,1
has,4
been,5
integral,1
since,1
first,2
which,4
published,2
four,1
stories,2
including,1
mourning,1
veil,1
harriet,1
beecher,1
stowe,1
but,2
longtime,1
generously,1
loyal,1
readers,2
know,1
for,3
past,1
five,1
years,1
year,3
rather,1
than,1
any,1
subscriber,1
issues,1
during,1
what,1
widely,1
noted,1
challenging,1
read,1
harrowing,1
business,1
environment,1
publishing,1
this,2
necessary,1
compromise,1
none,1
particularly,1
happy,1
with,4
and,4
searching,1
ways,1
place,1
great,1
front,1
all,1
last,1
began,1
partnership,1
luminato,1
toronto,1
festival,2
arts,1
creativity,1
shares,1
love,1
literature,1
building,1
success,1
outing,1
included,1
participation,1
editors,1
authors,1
jointly,1
decided,1
raise,1
ambition,1
creating,1
include,1
along,1
half,1
dozen,1
powerful,1
essay,1
writing,1
loss,1
joyce,1
carol,1
oates,1
think,1
hope,1
are,1
seeing,1
renewed,1
interest,1
