Word,size,Length
whatsoever,1,10
translated,5,10
mysterious,5,10
astounding,3,10
adventures,4,10
whispering,1,10
bewildered,2,10
fatherless,1,10
fatherland,1,10
philosophy,2,10
mineralogy,4,10
laboratory,1,10
renovating,1,10
interested,1,10
constitute,1,10
arithmetic,1,10
adjourning,1,10
themselves,1,10
absolutely,1,10
explaining,1,10
comprehend,2,10
connection,4,10
resembling,1,10
stammering,1,10
loadstones,1,10
geological,2,10
fusibility,1,10
scientific,8,10
appearance,5,10
spectacles,3,10
impatience,1,10
containing,2,10
catalogued,1,10
apparently,2,10
characters,1,10
celebrated,4,10
manuscript,4,10
population,2,10
importance,2,10
conviction,1,10
dictionary,1,10
politeness,1,10
conscience,1,10
substitute,1,10
magnifying,1,10
saknussemm,16,10
triumphant,1,10
alchemists,1,10
paracelsus,1,10
surprising,1,10
excitement,3,10
impossible,9,10
determined,5,10
consonants,3,10
proportion,2,10
particular,2,10
birthplace,1,10
contradict,1,10
abominable,1,10
imaginable,1,10
fourteenth,1,10
difficulty,5,10
collection,4,10
discovered,7,10
understand,6,10
possession,1,10
profoundly,1,10
scratching,1,10
hectically,1,10
sufferings,1,10
resolution,2,10
sensations,1,10
attempting,1,10
expedition,2,10
starvation,1,10
expression,2,10
sufficient,2,10
thoroughly,2,10
objections,1,10
remarkable,2,10
difference,1,10
directions,1,10
everything,4,10
discussion,1,10
conference,1,10
discoverer,1,10
conception,1,10
enthusiasm,4,10
enterprise,1,10
conclusive,1,10
surrounded,2,10
bedchamber,1,10
firstclass,1,10
occupation,3,10
monotonous,1,10
occasional,1,10
lighthouse,1,10
copenhagen,5,10
cordiality,1,10
considered,1,10
pictursson,2,10
introduced,1,10
ventilated,1,10
afterwards,3,10
atmosphere,1,10
helsinborg,1,10
remarkably,1,10
facilities,1,10
navigation,1,10
periodical,1,10
magistrate,1,10
graciously,1,10
invaluable,1,10
astonished,1,10
residences,2,10
personages,1,10
discolored,1,10
diminutive,1,10
commercial,2,10
comparison,1,10
protestant,1,10
impression,1,10
vegetation,1,10
convulsive,1,10
foreigners,2,10
assistance,1,10
reflection,1,10
naturalist,1,10
literature,1,10
persecuted,1,10
understood,2,10
concealing,1,10
profitable,1,10
profession,1,10
inhabitant,1,10
phlegmatic,2,10
motionless,1,10
acquiesced,1,10
undulation,1,10
icelanders,1,10
operations,1,10
englishman,1,10
engagement,2,10
completion,1,10
provisions,2,10
centigrade,1,10
compressed,1,10
instrument,4,10
boissonnas,1,10
horizontal,1,10
consisting,1,10
especially,1,10
watertight,1,10
