Word,size,Length
the,200,3
for,72,3
use,5,3
and,180,3
you,69,3
may,17,3
www,1,3
org,1,3
not,76,3
all,74,3
but,81,3
rev,1,3
our,54,3
off,10,3
way,19,3
new,5,3
sea,12,3
its,19,3
ape,1,3
has,13,3
day,16,3
now,34,3
was,247,3
his,139,3
him,50,3
one,54,3
old,16,3
von,1,3
bad,2,3
man,24,3
had,53,3
are,33,3
far,11,3
any,18,3
ten,6,3
lay,3,3
oil,1,3
why,15,3
apt,1,3
sun,1,3
few,6,3
add,2,3
did,29,3
six,4,3
men,11,3
age,1,3
sir,17,3
say,13,3
see,22,3
yet,7,3
hid,1,3
hit,3,3
ivy,1,3
own,6,3
god,1,3
can,13,3
who,15,3
out,36,3
lot,1,3
two,27,3
led,2,3
let,8,3
ham,1,3
ate,1,3
her,11,3
sad,2,3
she,13,3
get,8,3
sit,2,3
iac,1,3
nor,9,3
fly,1,3
ink,2,3
bit,5,3
how,15,3
eat,3,3
try,2,3
wit,1,3
got,2,3
don,3,3
end,6,3
air,6,3
put,9,3
ice,3,3
ira,1,3
nec,1,3
mer,2,3
mad,4,3
saw,4,3
pen,1,3
red,5,3
ill,1,3
key,7,3
fed,1,3
hat,3,3
odd,2,3
arm,2,3
eye,1,3
kem,1,3
kod,1,3
dog,1,3
joy,2,3
gay,1,3
map,2,3
yes,13,3
boy,4,3
tis,1,3
awe,2,3
cry,1,3
bag,2,3
van,1,3
too,3,3
bay,6,3
sat,1,3
run,1,3
nye,1,3
met,2,3
vor,1,3
fee,1,3
sky,1,3
bed,3,3
set,2,3
gut,1,3
mal,1,3
low,2,3
ask,1,3
log,1,3
hut,1,3
cut,1,3
hay,1,3
cap,1,3
tie,1,3
dug,1,3
rob,1,3
sow,1,3
rix,1,3
hot,1,3
dip,1,3
gas,1,3
won,1,3
gun,1,3
box,1,3