have,4,4
some,2,4
good,1,4
news,1,4
next,1,4
month,1,5
the,13,3
atlantic,2,8
will,4,4
once,3,4
again,2,5
send,1,4
fiction,4,7
home,1,4
our,9,3
subscribers,1,11
special,2,7
supplement,3,10
that,2,4
accompany,1,9
may,2,3
issue,4,5
newsstand,2,9
bound,1,5
into,1,4
magazine,1,8
short,3,5
story,1,5
has,4,3
been,5,4
integral,1,8
since,1,5
first,2,5
which,4,5
published,2,9
four,1,4
stories,2,7
including,1,9
mourning,1,8
veil,1,4
harriet,1,7
beecher,1,7
stowe,1,5
but,2,3
longtime,1,8
generously,1,10
loyal,1,5
readers,2,7
know,1,4
for,3,3
past,1,4
five,1,4
years,1,5
year,3,4
rather,1,6
than,1,4
any,1,3
subscriber,1,10
issues,1,6
during,1,6
what,1,4
widely,1,6
noted,1,5
challenging,1,11
read,1,4
harrowing,1,9
business,1,8
environment,1,11
publishing,1,10
this,2,4
necessary,1,9
compromise,1,10
none,1,4
particularly,1,12
happy,1,5
with,4,4
and,4,3
searching,1,9
ways,1,4
place,1,5
great,1,5
front,1,5
all,1,3
last,1,4
began,1,5
partnership,1,11
luminato,1,8
toronto,1,7
festival,2,8
arts,1,4
creativity,1,10
shares,1,6
love,1,4
literature,1,10
building,1,8
success,1,7
outing,1,6
included,1,8
participation,1,13
editors,1,7
authors,1,7
jointly,1,7
decided,1,7
raise,1,5
ambition,1,8
creating,1,8
include,1,7
along,1,5
half,1,4
dozen,1,5
powerful,1,8
essay,1,5
writing,1,7
loss,1,4
joyce,1,5
carol,1,5
oates,1,5
think,1,5
hope,1,4
are,1,3
seeing,1,6
renewed,1,7
interest,1,8
