Word,size,Length
restrictions,1,12
conversation,8,12
englishwoman,1,12
discomfiture,1,12
corresponded,1,12
irreverently,1,12
considerable,5,12
konigstrasse,1,12
particularly,1,12
combinations,3,12
occasionally,1,12
illustration,2,12
irrefragable,1,12
organization,1,12
mathematical,1,12
mechanically,2,12
intelligible,1,12
stupefaction,1,12
accomplished,1,12
nevertheless,2,12
recollection,1,12
satisfaction,4,12
acquirements,1,12
authenticity,1,12
difficulties,3,12
explanations,2,12
introduction,4,12
particolored,1,12
circumstance,1,12
dissatisfied,1,12
northernmost,1,12
congregation,1,12
scandinavian,3,12
handkerchief,1,12
publications,1,12
ascertaining,1,12
astonishment,1,12
accompanying,1,12
observations,1,12
tranquillity,1,12
preparations,1,12
advantageous,1,12
quinquennial,1,12
satisfactory,1,12
concentrated,1,12
semiofficial,1,12
