Word,size,Length
the,200,3
for,72,3
use,5,3
and,335,3
restrictions,1,12
whatsoever,1,10
you,69,3
may,17,3
www,1,3
org,1,3
not,76,3
translation,3,11
all,74,3
but,81,3
translated,5,10
rev,1,3
mysterious,5,10
astounding,3,10
our,54,3
conversation,8,12
off,10,3
adventures,4,10
way,19,3
new,5,3
whispering,1,10
sea,12,3
its,19,3
ape,1,3
has,13,3
day,16,3
now,34,3
bewildered,2,10
was,247,3
englishwoman,1,12
his,139,3
fatherless,1,10
him,50,3
fatherland,1,10
philosophy,2,10
mineralogy,4,10
one,54,3
laboratory,1,10
renovating,1,10
old,16,3
von,1,3
bad,2,3
man,24,3
had,53,3
are,33,3
far,11,3
interested,1,10
constitute,1,10
any,18,3
interesting,2,11
arithmetic,1,10
ten,6,3
adjourning,1,10
themselves,1,10
information,1,11
lay,3,3
oil,1,3
why,15,3
absolutely,1,10
explaining,1,10
apt,1,3
sun,1,3
few,6,3
comprehend,2,10
connection,4,10
resembling,1,10
stammering,1,10
discomfiture,1,12
add,2,3
did,29,3
loadstones,1,10
six,4,3
geological,2,10
fusibility,1,10
corresponded,1,12
scientific,8,10
men,11,3
age,1,3
sir,17,3
say,13,3
appearance,5,10
see,22,3
yet,7,3
spectacles,3,10
hid,1,3
irreverently,1,12
considerable,5,12
peculiarity,1,11
hit,3,3
konigstrasse,1,12
comfortable,2,11
neighboring,1,11
ivy,1,3
magnificent,6,11
own,6,3
possessions,1,11
god,1,3
inhabitants,3,11
impatience,1,10
containing,2,10
can,13,3
catalogued,1,10
apparently,2,10
particularly,1,12
characters,1,10
celebrated,4,10
who,15,3
grammatical,1,11
combinations,3,12
manuscript,4,10
population,2,10
out,36,3
importance,2,10
lot,1,3
conviction,1,10
dictionary,1,10
two,27,3
impetuosity,1,11
led,2,3
let,8,3
politeness,1,10
ham,1,3
conscience,1,10
ate,1,3
housekeeper,1,11
her,11,3
sad,2,3
she,13,3
occasionally,1,12
illustration,2,12
get,8,3
sit,2,3
substitute,1,10
iac,1,3
nor,9,3
cryptograph,6,11
correctness,1,11
irrefragable,1,12
magnifying,1,10
fly,1,3
ink,2,3
examination,2,11
saknussemm,16,10
triumphant,1,10
alchemists,1,10
paracelsus,1,10
surprising,1,10
discoveries,4,11
bit,5,3
excitement,3,10
impossible,9,10
how,15,3
eat,3,3
determined,5,10
consonants,3,10
proportion,2,10
confidently,1,11
particular,2,10
shakespeare,1,11
birthplace,1,10
try,2,3
proposition,2,11
probability,1,11
contradict,1,10
organization,1,12
combination,2,11
mathematical,1,12
wit,1,3
abstraction,1,11
rotaivsadua,1,11
got,2,3
don,3,3
abominable,1,10
inscription,1,11
alternately,1,11
end,6,3
air,6,3
mechanically,2,12
imaginable,1,10
put,9,3
intelligible,1,12
fourteenth,1,10
ice,3,3
ira,1,3
nec,1,3
mer,2,3
mad,4,3
difficulty,5,10
collection,4,10
saw,4,3
discovered,7,10
understand,6,10
stupefaction,1,12
possession,1,10
accomplished,1,12
undertaking,1,11
profoundly,1,10
pen,1,3
algebraical,1,11
calculation,1,11
scratching,1,10
calculating,1,11
red,5,3
countenance,3,11
hectically,1,10
ill,1,3
sufferings,1,10
nevertheless,2,12
imagination,2,11
destruction,1,11
key,7,3
recollection,1,12
fed,1,3
curiosities,1,11
resolution,2,10
sensations,1,10
attempting,1,10
expedition,2,10
starvation,1,10
hat,3,3
odd,2,3
expression,2,10
arm,2,3
incredulous,1,11
undoubtedly,1,11
eye,1,3
kem,1,3
kod,1,3
dog,1,3
joy,2,3
satisfaction,4,12
portmanteau,2,11
explanation,1,11
sufficient,2,10
gay,1,3
exclusively,1,11
discoverers,1,11
competitors,1,11
acquirements,1,12
authenticity,1,12
thoroughly,2,10
map,2,3
difficulties,3,12
objections,1,10
innumerable,1,11
remarkable,2,10
difference,1,10
yes,13,3
reflections,1,11
sententious,2,11
directions,1,10
everything,4,10
explanations,2,12
theoretical,1,11
boy,4,3
experiments,1,11
discussion,1,10
conference,1,10
discoverer,1,10
conception,1,10
enthusiasm,4,10
tis,1,3
awe,2,3
cry,1,3
enterprise,1,10
conclusive,1,10
surrounded,2,10
bag,2,3
unfortunate,1,11
bedchamber,1,10
alpenstocks,1,11
irrevocable,1,11
adventurous,2,11
van,1,3
firstclass,1,10
too,3,3
introduction,4,12
occupation,3,10
monotonous,1,10
transferred,1,11
bay,6,3
occasional,1,10
lighthouse,1,10
copenhagen,5,10
refreshment,1,11
antiquities,1,11
cordiality,1,10
considered,1,10
sat,1,3
run,1,3
nye,1,3
thorwaldsen,1,11
anticipated,1,11
accordingly,2,11
met,2,3
particolored,1,12
taskmasters,1,11
vor,1,3
circumstance,1,12
dictatorial,1,11
fee,1,3
sky,1,3
weathercock,1,11
translucent,1,11
pictursson,2,10
introduced,1,10
bed,3,3
ventilated,1,10
mellifluous,1,11
set,2,3
afterwards,3,10
dissatisfied,1,12
proceedings,1,11
disappeared,1,11
atmosphere,1,10
helsinborg,1,10
uncertainty,1,11
northernmost,1,12
gut,1,3
westernmost,1,11
remarkably,1,10
mal,1,3
questioning,1,11
facilities,1,10
termination,1,11
low,2,3
navigation,1,10
periodical,1,10
quarterdeck,1,11
magistrate,1,10
graciously,1,10
compensated,1,11
fridriksson,10,11
invaluable,1,10
astonished,1,10
manuscripts,1,11
ask,1,3
log,1,3
residences,2,10
personages,1,10
discolored,1,10
diminutive,1,10
commercial,2,10
hut,1,3
comparison,1,10
protestant,1,10
congregation,1,12
impression,1,10
vegetation,1,10
cut,1,3
hay,1,3
exportation,1,11
perceptions,1,11
convulsive,1,10
scandinavian,3,12
cap,1,3
handkerchief,1,12
tie,1,3
hospitality,1,11
publications,1,12
distributed,1,11
foreigners,2,10
fortunately,1,11
institution,1,11
immediately,1,11
expressions,1,11
assistance,1,10
reflection,1,10
unconcerned,1,11
ascertaining,1,12
naturalist,1,10
literature,1,10
illustrious,1,11
persecuted,1,10
astonishment,1,12
supposition,1,11
dug,1,3
understood,2,10
concealing,1,10
possibility,2,11
accompanying,1,12
pleasurable,1,11
profitable,1,10
profession,1,10
observations,1,12
inhabitant,1,10
compliments,1,11
prominently,1,11
intelligent,1,11
exceedingly,1,11
phlegmatic,2,10
temperament,1,11
tranquillity,1,12
impassioned,1,11
motionless,1,10
acquiesced,1,10
undulation,1,10
icelanders,1,10
rob,1,3
operations,1,10
sow,1,3
englishman,1,10
consequence,2,11
considering,1,11
engagement,2,10
completion,1,10
rix,1,3
stipulation,1,11
preparations,1,12
advantageous,1,12
instruments,4,11
provisions,2,10
manufacture,1,11
centigrade,1,10
thermometer,2,11
hot,1,3
temperature,3,11
compressed,1,10
instrument,4,10
atmospheric,2,11
chronometer,2,11
boissonnas,1,10
horizontal,1,10
dip,1,3
electricity,4,11
gas,1,3
inflammable,1,11
won,1,3
quinquennial,1,12
application,1,11
consisting,1,10
fulminating,1,11
gun,1,3
especially,1,10
satisfactory,1,12
concentrated,1,12
watertight,1,10
box,1,3
semiofficial,1,12