Word,size,Length
translation,3,11
interesting,2,11
information,1,11
peculiarity,1,11
comfortable,2,11
neighboring,1,11
magnificent,6,11
possessions,1,11
inhabitants,3,11
grammatical,1,11
impetuosity,1,11
housekeeper,1,11
cryptograph,6,11
correctness,1,11
examination,2,11
discoveries,4,11
confidently,1,11
shakespeare,1,11
proposition,2,11
probability,1,11
combination,2,11
abstraction,1,11
rotaivsadua,1,11
inscription,1,11
alternately,1,11
undertaking,1,11
algebraical,1,11
calculation,1,11
calculating,1,11
countenance,3,11
imagination,2,11
destruction,1,11
curiosities,1,11
incredulous,1,11
undoubtedly,1,11
portmanteau,2,11
explanation,1,11
exclusively,1,11
discoverers,1,11
competitors,1,11
innumerable,1,11
reflections,1,11
sententious,2,11
theoretical,1,11
experiments,1,11
unfortunate,1,11
alpenstocks,1,11
irrevocable,1,11
adventurous,2,11
transferred,1,11
refreshment,1,11
antiquities,1,11
thorwaldsen,1,11
anticipated,1,11
accordingly,2,11
taskmasters,1,11
dictatorial,1,11
weathercock,1,11
translucent,1,11
mellifluous,1,11
proceedings,1,11
disappeared,1,11
uncertainty,1,11
westernmost,1,11
questioning,1,11
termination,1,11
quarterdeck,1,11
compensated,1,11
fridriksson,10,11
manuscripts,1,11
exportation,1,11
perceptions,1,11
hospitality,1,11
distributed,1,11
fortunately,1,11
institution,1,11
immediately,1,11
expressions,1,11
unconcerned,1,11
illustrious,1,11
supposition,1,11
possibility,2,11
pleasurable,1,11
compliments,1,11
prominently,1,11
intelligent,1,11
exceedingly,1,11
temperament,1,11
impassioned,1,11
consequence,2,11
considering,1,11
stipulation,1,11
instruments,4,11
manufacture,1,11
thermometer,2,11
temperature,3,11
atmospheric,2,11
chronometer,2,11
electricity,4,11
inflammable,1,11
application,1,11
fulminating,1,11
